{
  "input_file": "/share/u/yu.stev/influence/influence-benchmarking/filter/ranked_datasets/G-split/bergson_ranked_results.jsonl",
  "dataset_distribution": {
    "experiment_type": "half_split",
    "total_documents": 100,
    "training_status_counts": {
      "trained": 50,
      "untrained": 50
    },
    "split_group_counts": {
      "train_half": 50,
      "held_out_half": 50
    },
    "trained_count": 50,
    "untrained_count": 50
  },
  "top_half_influence_analysis": {
    "sort_by": "influence_score",
    "sort_description": "influence score",
    "total_documents": 100,
    "top_half_size": 50,
    "total_trained": 50,
    "trained_in_top_half": 25,
    "proportion_trained_in_top_half": 0.5,
    "recall_of_trained_data": 0.5,
    "top_half_range": {
      "min_score": -0.0016622543334960938,
      "max_score": 0.02606201171875
    }
  },
  "top_half_magnitude_analysis": {
    "sort_by": "magnitude",
    "sort_description": "magnitude of influence",
    "total_documents": 100,
    "top_half_size": 50,
    "total_trained": 50,
    "trained_in_top_half": 28,
    "proportion_trained_in_top_half": 0.56,
    "recall_of_trained_data": 0.56,
    "top_half_range": {
      "min_score": -0.00907135009765625,
      "max_score": -0.032470703125
    }
  },
  "average_influence_analysis": {
    "trained": {
      "count": 50,
      "mean": -0.001043400764465332,
      "std": 0.013312139402646722,
      "median": -0.0017528533935546875,
      "min": -0.032470703125,
      "max": 0.02606201171875
    },
    "untrained": {
      "count": 50,
      "mean": -0.002188427448272705,
      "std": 0.01144222650630139,
      "median": -0.0018801689147949219,
      "min": -0.0304412841796875,
      "max": 0.0162811279296875
    },
    "mean_difference": 0.001145026683807373,
    "trained_higher": "True"
  },
  "average_magnitude_analysis": {
    "trained": {
      "count": 50,
      "mean": 0.010864787101745606,
      "std": 0.007762611794011641,
      "median": 0.010143280029296875,
      "min": 0.0002884864807128906,
      "max": 0.032470703125
    },
    "untrained": {
      "count": 50,
      "mean": 0.00921719789505005,
      "std": 0.00712439647137527,
      "median": 0.008251190185546875,
      "min": 0.0002008676528930664,
      "max": 0.0304412841796875
    },
    "mean_difference": 0.0016475892066955562,
    "trained_higher_magnitude": "True"
  },
  "ranking_quality_metrics": {
    "top_10%": {
      "cutoff_size": 10,
      "trained_in_cutoff": 8,
      "precision": 0.8,
      "recall": 0.16,
      "f1_score": 0.26666666666666666
    },
    "top_25%": {
      "cutoff_size": 25,
      "trained_in_cutoff": 13,
      "precision": 0.52,
      "recall": 0.26,
      "f1_score": 0.3466666666666667
    },
    "top_50%": {
      "cutoff_size": 50,
      "trained_in_cutoff": 25,
      "precision": 0.5,
      "recall": 0.5,
      "f1_score": 0.5
    },
    "top_75%": {
      "cutoff_size": 75,
      "trained_in_cutoff": 37,
      "precision": 0.49333333333333335,
      "recall": 0.74,
      "f1_score": 0.592
    },
    "top_100%": {
      "cutoff_size": 100,
      "trained_in_cutoff": 50,
      "precision": 0.5,
      "recall": 1.0,
      "f1_score": 0.6666666666666666
    }
  },
  "group_analysis": {
    "train_half": {
      "count": 50,
      "mean": -0.001043400764465332,
      "std": 0.013312139402646722,
      "median": -0.0017528533935546875,
      "min": -0.032470703125,
      "max": 0.02606201171875,
      "scores": [
        0.02606201171875,
        0.0221710205078125,
        0.021728515625,
        0.02056884765625,
        0.0153961181640625,
        0.01519775390625,
        0.013763427734375,
        0.01374053955078125,
        0.01165008544921875,
        0.01148223876953125
      ]
    },
    "held_out_half": {
      "count": 50,
      "mean": -0.002188427448272705,
      "std": 0.01144222650630139,
      "median": -0.0018801689147949219,
      "min": -0.0304412841796875,
      "max": 0.0162811279296875,
      "scores": [
        0.0162811279296875,
        0.013763427734375,
        0.01348114013671875,
        0.0113983154296875,
        0.01113128662109375,
        0.01082611083984375,
        0.0104217529296875,
        0.010406494140625,
        0.00958251953125,
        0.009124755859375
      ]
    }
  },
  "analysis_timestamp": "2025-07-25T16:23:33"
}